{"cameraMode":{"drawMode":0,"name":"Shaded","section":"Shading Mode"},"sceneLighting":true,"audioPlay":false,"sceneViewState":{"showFog":true,"showMaterialUpdate":false,"showSkybox":true,"showFlares":true,"showImageEffects":true,"showParticleSystems":true},"in2DMode":false,"pivot":{"x":2.6977970600128176,"y":3.9263436794281008,"z":0.5006768107414246},"rotation":{"x":0.018650375306606294,"y":0.4327082633972168,"z":0.00895368680357933,"w":-0.9012966156005859},"size":10.0,"orthographic":false}